# timestamp,gip,sentiment,low,high,open,close,volume
1.527321716000000000e+09,1.001194211988660321e+00,6.119000613689999923e-01,1.527341520000000000e+09,7.519689999999999600e+03,7.519699999999999818e+03,7.519699999999999818e+03,7.519689999999999600e+03,1.991999999999999882e-01
1.527595206000000000e+09,1.001194211988660321e+00,2.044363617899999930e-01,1.527615060000000000e+09,7.423439999999999600e+03,7.423449999999999818e+03,7.423449999999999818e+03,7.423439999999999600e+03,8.817308999999999841e-01
1.527867021000000000e+09,1.001194211988660321e+00,5.926264673469999744e-01,1.527886860000000000e+09,7.429520000000000437e+03,7.442020000000000437e+03,7.436600000000000364e+03,7.429529999999999745e+03,6.623008259999999758e+00
1.527933624000000000e+09,1.001194211988660321e+00,6.524174213410000034e-01,1.527953460000000000e+09,7.570829999999999927e+03,7.633000000000000000e+03,7.633000000000000000e+03,7.582369999999999891e+03,1.058547744600001153e+02
1.528148745000000000e+09,1.112611119791451664e+00,-5.611252784730000331e-02,1.528168560000000000e+09,7.415090000000000146e+03,7.415100000000000364e+03,7.415100000000000364e+03,7.415090000000000146e+03,3.277570550000000082e+00
1.528195469000000000e+09,1.001826250574906263e+00,-6.807917654509999528e-01,1.528215300000000000e+09,7.556789999999999964e+03,7.570000000000000000e+03,7.556789999999999964e+03,7.570000000000000000e+03,1.444075411999999758e+01
1.528196456000000000e+09,1.112611119791451664e+00,5.729714781050000427e-01,1.528216260000000000e+09,7.549250000000000000e+03,7.553880000000000109e+03,7.549250000000000000e+03,7.553880000000000109e+03,3.330499959000000132e+01
1.528197089000000000e+09,1.112611119791451664e+00,3.195214271550000235e-02,1.528216920000000000e+09,7.550590000000000146e+03,7.554460000000000036e+03,7.554460000000000036e+03,7.550600000000000364e+03,1.616000000000000103e+00
1.528199897000000000e+09,1.001826250574906263e+00,-4.923823773859999919e-01,1.528219740000000000e+09,7.590010000000000218e+03,7.591939999999999600e+03,7.591939999999999600e+03,7.590020000000000437e+03,7.107015680000001723e+00
1.528201841000000000e+09,1.001194211988660321e+00,3.074430227280000039e-01,1.528221660000000000e+09,7.615039999999999964e+03,7.615050000000000182e+03,7.615039999999999964e+03,7.615050000000000182e+03,4.211198409999999726e+00
1.528202559000000000e+09,1.009510794542602730e+00,4.186598062519999996e-01,1.528222380000000000e+09,7.625000000000000000e+03,7.634989999999999782e+03,7.630159999999999854e+03,7.625010000000000218e+03,1.000478244999999866e+01
1.528204484000000000e+09,1.001826250574906263e+00,-8.261900842189999761e-01,1.528224300000000000e+09,7.637750000000000000e+03,7.639000000000000000e+03,7.637750000000000000e+03,7.639000000000000000e+03,7.544347200000000031e-01
1.528208792000000000e+09,1.001826250574906263e+00,-9.290618300440000032e-01,1.528228620000000000e+09,7.619000000000000000e+03,7.619010000000000218e+03,7.619000000000000000e+03,7.619000000000000000e+03,1.015712449999999878e+00
1.528213096000000000e+09,1.001826250574906263e+00,-8.697249740360000203e-01,1.528232940000000000e+09,7.624439999999999600e+03,7.624689999999999600e+03,7.624689999999999600e+03,7.624449999999999818e+03,3.167219010000000612e+00
1.528217706000000000e+09,1.001826250574906263e+00,-6.641942858699999563e-01,1.528237560000000000e+09,7.604060000000000400e+03,7.604069999999999709e+03,7.604060000000000400e+03,7.604069999999999709e+03,3.062722900000000026e-01
1.528222231000000000e+09,1.001826250574906263e+00,-6.097301393749999798e-01,1.528242060000000000e+09,7.603500000000000000e+03,7.603510000000000218e+03,7.603500000000000000e+03,7.603500000000000000e+03,3.859000000000000208e-01
1.528226562000000000e+09,1.001826250574906263e+00,-4.425195753569999835e-01,1.528246380000000000e+09,7.610699999999999818e+03,7.614689999999999600e+03,7.614689999999999600e+03,7.611029999999999745e+03,8.019999999999999352e-01
1.528230980000000000e+09,1.001826250574906263e+00,-1.110303997990000069e-01,1.528250820000000000e+09,7.619989999999999782e+03,7.620000000000000000e+03,7.620000000000000000e+03,7.620000000000000000e+03,2.614870869999998515e+00
1.528235105000000000e+09,1.001826250574906263e+00,-5.841115862129999670e-01,1.528254960000000000e+09,7.610010000000000218e+03,7.613170000000000073e+03,7.613170000000000073e+03,7.613170000000000073e+03,1.647899999999999920e+00
1.528237850000000000e+09,1.112611119791451664e+00,-4.946104809639999961e-02,1.528257660000000000e+09,7.605000000000000000e+03,7.606170000000000073e+03,7.606170000000000073e+03,7.605000000000000000e+03,7.746422000000000585e-01
1.528238994000000000e+09,1.001826250574906263e+00,-2.294751703740000037e-01,1.528258800000000000e+09,7.611250000000000000e+03,7.611840000000000146e+03,7.611829999999999927e+03,7.611250000000000000e+03,3.704906340000000409e+00
1.528242962000000000e+09,1.001826250574906263e+00,1.926518678670000040e-01,1.528262820000000000e+09,7.594000000000000000e+03,7.594899999999999636e+03,7.594899999999999636e+03,7.594010000000000218e+03,4.160284009999999810e+00
1.528246741000000000e+09,1.001826250574906263e+00,2.114729722960000113e-03,1.528266600000000000e+09,7.633560000000000400e+03,7.633569999999999709e+03,7.633569999999999709e+03,7.633560000000000400e+03,2.580099999999999838e+00
1.528250493000000000e+09,1.001826250574906263e+00,-1.054541952910000024e-02,1.528270320000000000e+09,7.619489999999999782e+03,7.619500000000000000e+03,7.619489999999999782e+03,7.619500000000000000e+03,3.516124099999999864e-01
1.528254338000000000e+09,1.001826250574906263e+00,1.942093670370000080e-01,1.528274160000000000e+09,7.608369999999999891e+03,7.608380000000000109e+03,7.608380000000000109e+03,7.608380000000000109e+03,1.111999999999999933e-01
1.528262731000000000e+09,1.112611119791451664e+00,1.011200249199999904e-03,1.528282560000000000e+09,7.604520000000000437e+03,7.606909999999999854e+03,7.604520000000000437e+03,7.606909999999999854e+03,3.170481100000000496e-01
1.528264858000000000e+09,1.009510794542602730e+00,-1.090290248389999966e-01,1.528284660000000000e+09,7.619979999999999563e+03,7.619989999999999782e+03,7.619989999999999782e+03,7.619979999999999563e+03,2.879999999999999921e-02
1.528268871000000000e+09,1.009510794542602730e+00,3.172494471069999822e-01,1.528288680000000000e+09,7.625619999999999891e+03,7.640000000000000000e+03,7.625619999999999891e+03,7.639989999999999782e+03,4.679506379999998700e+01
1.528271081000000000e+09,2.003124997202659685e+00,9.030485153200000503e-02,1.528290900000000000e+09,7.633649999999999636e+03,7.637010000000000218e+03,7.634840000000000146e+03,7.633649999999999636e+03,3.195657060000000271e+00
1.528271081000000000e+09,2.003408913352756837e+00,9.030485153200000503e-02,1.528290900000000000e+09,7.633649999999999636e+03,7.637010000000000218e+03,7.634840000000000146e+03,7.633649999999999636e+03,3.195657060000000271e+00
1.528273932000000000e+09,2.003408913352756837e+00,-1.901839524510000046e-01,1.528293780000000000e+09,7.627619999999999891e+03,7.630000000000000000e+03,7.627619999999999891e+03,7.629989999999999782e+03,5.141083000000000069e+00
1.528273932000000000e+09,2.003124997202659685e+00,-1.901839524510000046e-01,1.528293780000000000e+09,7.627619999999999891e+03,7.630000000000000000e+03,7.627619999999999891e+03,7.629989999999999782e+03,5.141083000000000069e+00
1.528280247000000000e+09,1.001826250574906263e+00,-1.271297633650000092e-01,1.528300080000000000e+09,7.647350000000000364e+03,7.650000000000000000e+03,7.647350000000000364e+03,7.650000000000000000e+03,3.242305109999999324e+00
1.528281953000000000e+09,1.112611119791451664e+00,-1.208901107310000056e-01,1.528301760000000000e+09,7.640000000000000000e+03,7.640010000000000218e+03,7.640010000000000218e+03,7.640010000000000218e+03,6.644999999999999796e-01
1.528316147000000000e+09,1.112611119791451664e+00,-9.907493367789999700e-03,1.528335960000000000e+09,7.717949999999999818e+03,7.717960000000000036e+03,7.717949999999999818e+03,7.717949999999999818e+03,1.954849099999999895e+00
1.528330505000000000e+09,1.009510794542602730e+00,-1.876389980320000012e-02,1.528350360000000000e+09,7.702899999999999636e+03,7.702909999999999854e+03,7.702909999999999854e+03,7.702909999999999854e+03,4.708581899999999543e-01
1.528336043000000000e+09,1.009510794542602730e+00,2.947962582109999730e-01,1.528355880000000000e+09,7.699979999999999563e+03,7.703579999999999927e+03,7.699979999999999563e+03,7.701000000000000000e+03,3.230000000000000093e-01
1.528337673000000000e+09,1.009510794542602730e+00,5.214641094209999661e-01,1.528357500000000000e+09,7.704989999999999782e+03,7.709539999999999964e+03,7.704989999999999782e+03,7.709539999999999964e+03,1.408734006999999266e+01
1.528339365000000000e+09,1.112611119791451664e+00,-3.696047961710000052e-01,1.528359180000000000e+09,7.699970000000000255e+03,7.699970000000000255e+03,7.699970000000000255e+03,7.699970000000000255e+03,5.240000000000000213e-02
1.528346273000000000e+09,1.009510794542602730e+00,1.901778280739999938e-01,1.528366080000000000e+09,7.692699999999999818e+03,7.695399999999999636e+03,7.692710000000000036e+03,7.692699999999999818e+03,8.329999999999999905e-02
1.528357071000000000e+09,2.003124997202659685e+00,-4.817799925799999827e-01,1.528376880000000000e+09,7.702810000000000400e+03,7.706550000000000182e+03,7.702810000000000400e+03,7.706550000000000182e+03,4.562393010000000082e+00
1.528357071000000000e+09,2.003408913352756837e+00,-4.817799925799999827e-01,1.528376880000000000e+09,7.702810000000000400e+03,7.706550000000000182e+03,7.702810000000000400e+03,7.706550000000000182e+03,4.562393010000000082e+00
1.528369257000000000e+09,1.112611119791451664e+00,9.641238935289999645e-01,1.528389060000000000e+09,7.683029999999999745e+03,7.683039999999999964e+03,7.683039999999999964e+03,7.683029999999999745e+03,1.230300309999999842e+00
1.528370700000000000e+09,2.003124997202659685e+00,-4.669549465180000136e-01,1.528390500000000000e+09,7.699989999999999782e+03,7.700000000000000000e+03,7.700000000000000000e+03,7.699989999999999782e+03,4.614709100000000119e-01
1.528370700000000000e+09,2.003408913352756837e+00,-4.669549465180000136e-01,1.528390500000000000e+09,7.699989999999999782e+03,7.700000000000000000e+03,7.700000000000000000e+03,7.699989999999999782e+03,4.614709100000000119e-01
1.528371687000000000e+09,2.003408913352756837e+00,-1.062337681650000060e-01,1.528391520000000000e+09,7.694989999999999782e+03,7.695000000000000000e+03,7.695000000000000000e+03,7.695000000000000000e+03,4.695000000000000284e+00
1.528371687000000000e+09,2.003124997202659685e+00,-1.062337681650000060e-01,1.528391520000000000e+09,7.694989999999999782e+03,7.695000000000000000e+03,7.695000000000000000e+03,7.695000000000000000e+03,4.695000000000000284e+00
1.528372071000000000e+09,2.003408913352756837e+00,-8.603742718699999847e-02,1.528391880000000000e+09,7.684970000000000255e+03,7.684979999999999563e+03,7.684970000000000255e+03,7.684979999999999563e+03,6.246013900000001451e-01
1.528372071000000000e+09,2.003124997202659685e+00,-8.603742718699999847e-02,1.528391880000000000e+09,7.684970000000000255e+03,7.684979999999999563e+03,7.684970000000000255e+03,7.684979999999999563e+03,6.246013900000001451e-01
1.528372231000000000e+09,2.003124997202659685e+00,-2.759712934489999894e-02,1.528392060000000000e+09,7.675210000000000036e+03,7.675220000000000255e+03,7.675210000000000036e+03,7.675210000000000036e+03,1.645602059999999867e+00
1.528372231000000000e+09,2.003408913352756837e+00,-2.759712934489999894e-02,1.528392060000000000e+09,7.675210000000000036e+03,7.675220000000000255e+03,7.675210000000000036e+03,7.675210000000000036e+03,1.645602059999999867e+00
1.528373264000000000e+09,2.003408913352756837e+00,-2.575217783450000075e-01,1.528393080000000000e+09,7.687069999999999709e+03,7.690000000000000000e+03,7.687069999999999709e+03,7.690000000000000000e+03,1.725869999999999571e+00
1.528373264000000000e+09,2.003124997202659685e+00,-2.575217783450000075e-01,1.528393080000000000e+09,7.687069999999999709e+03,7.690000000000000000e+03,7.687069999999999709e+03,7.690000000000000000e+03,1.725869999999999571e+00
1.528375534000000000e+09,1.001194211988660321e+00,-9.999644160270000359e-01,1.528395360000000000e+09,7.691000000000000000e+03,7.691909999999999854e+03,7.691909999999999854e+03,7.691000000000000000e+03,8.668899099999999303e-01
1.528384337000000000e+09,1.001826250574906263e+00,3.343424797060000064e-01,1.528404180000000000e+09,7.667859999999999673e+03,7.667869999999999891e+03,7.667859999999999673e+03,7.667869999999999891e+03,1.810729080000000213e+00
1.528385426000000000e+09,1.001826250574906263e+00,1.947228610520000125e-01,1.528405260000000000e+09,7.659989999999999782e+03,7.660000000000000000e+03,7.660000000000000000e+03,7.659989999999999782e+03,1.104388670000000072e+00
1.528405250000000000e+09,1.112611119791451664e+00,-2.626554574819999887e-03,1.528425060000000000e+09,7.676539999999999964e+03,7.676550000000000182e+03,7.676539999999999964e+03,7.676550000000000182e+03,3.908999999999999697e-01
1.528406994000000000e+09,1.007094989924814499e+00,-1.703487038610000115e-01,1.528426800000000000e+09,7.656970000000000255e+03,7.656979999999999563e+03,7.656979999999999563e+03,7.656979999999999563e+03,8.622999999999999554e-01
1.528418530000000000e+09,3.000338233388420317e+00,-6.335584223269999926e-01,1.528438380000000000e+09,7.636960000000000036e+03,7.636970000000000255e+03,7.636960000000000036e+03,7.636970000000000255e+03,6.963576399999998889e-01
1.528418530000000000e+09,3.000523988783197815e+00,-6.335584223269999926e-01,1.528438380000000000e+09,7.636960000000000036e+03,7.636970000000000255e+03,7.636960000000000036e+03,7.636970000000000255e+03,6.963576399999998889e-01
1.528418530000000000e+09,3.000879757590144248e+00,-6.335584223269999926e-01,1.528438380000000000e+09,7.636960000000000036e+03,7.636970000000000255e+03,7.636960000000000036e+03,7.636970000000000255e+03,6.963576399999998889e-01
1.528421862000000000e+09,1.009510794542602730e+00,1.928183436389999950e-01,1.528441680000000000e+09,7.646529999999999745e+03,7.649789999999999964e+03,7.646529999999999745e+03,7.649789999999999964e+03,8.300000000000001821e-02
1.528423959000000000e+09,3.000338233388420317e+00,9.434986114500000520e-02,1.528443780000000000e+09,7.639020000000000437e+03,7.639020000000000437e+03,7.639020000000000437e+03,7.639020000000000437e+03,1.469999999999999953e-02
1.528423959000000000e+09,3.000523988783197815e+00,9.434986114500000520e-02,1.528443780000000000e+09,7.639020000000000437e+03,7.639020000000000437e+03,7.639020000000000437e+03,7.639020000000000437e+03,1.469999999999999953e-02
1.528423959000000000e+09,3.000879757590144248e+00,9.434986114500000520e-02,1.528443780000000000e+09,7.639020000000000437e+03,7.639020000000000437e+03,7.639020000000000437e+03,7.639020000000000437e+03,1.469999999999999953e-02
1.528425139000000000e+09,3.001173978210108118e+00,-6.833578944210000339e-01,1.528444980000000000e+09,7.629880000000000109e+03,7.629890000000000327e+03,7.629880000000000109e+03,7.629890000000000327e+03,1.780179800000000201e-01
1.528425139000000000e+09,3.000652235041597393e+00,-6.833578944210000339e-01,1.528444980000000000e+09,7.629880000000000109e+03,7.629890000000000327e+03,7.629880000000000109e+03,7.629890000000000327e+03,1.780179800000000201e-01
1.528425139000000000e+09,3.000720526032240265e+00,-6.833578944210000339e-01,1.528444980000000000e+09,7.629880000000000109e+03,7.629890000000000327e+03,7.629880000000000109e+03,7.629890000000000327e+03,1.780179800000000201e-01
1.528425249000000000e+09,3.000338233388420317e+00,6.247784346339999573e-01,1.528445100000000000e+09,7.629890000000000327e+03,7.629890000000000327e+03,7.629890000000000327e+03,7.629890000000000327e+03,1.815468050000000000e+00
1.528425249000000000e+09,3.000879757590144248e+00,6.247784346339999573e-01,1.528445100000000000e+09,7.629890000000000327e+03,7.629890000000000327e+03,7.629890000000000327e+03,7.629890000000000327e+03,1.815468050000000000e+00
1.528425249000000000e+09,3.000523988783197815e+00,6.247784346339999573e-01,1.528445100000000000e+09,7.629890000000000327e+03,7.629890000000000327e+03,7.629890000000000327e+03,7.629890000000000327e+03,1.815468050000000000e+00
1.528425469000000000e+09,3.000652235041597393e+00,1.099686324599999931e-01,1.528445280000000000e+09,7.629869999999999891e+03,7.629890000000000327e+03,7.629890000000000327e+03,7.629869999999999891e+03,3.880016470000000606e+00
1.528425469000000000e+09,3.001173978210108118e+00,1.099686324599999931e-01,1.528445280000000000e+09,7.629869999999999891e+03,7.629890000000000327e+03,7.629890000000000327e+03,7.629869999999999891e+03,3.880016470000000606e+00
1.528425469000000000e+09,3.000720526032240265e+00,1.099686324599999931e-01,1.528445280000000000e+09,7.629869999999999891e+03,7.629890000000000327e+03,7.629890000000000327e+03,7.629869999999999891e+03,3.880016470000000606e+00
1.528428872000000000e+09,3.001173978210108118e+00,-4.769868850710000108e-01,1.528448700000000000e+09,7.631770000000000437e+03,7.636260000000000218e+03,7.636260000000000218e+03,7.634069999999999709e+03,1.467872040000000045e+00
1.528428872000000000e+09,3.000652235041597393e+00,-4.769868850710000108e-01,1.528448700000000000e+09,7.631770000000000437e+03,7.636260000000000218e+03,7.636260000000000218e+03,7.634069999999999709e+03,1.467872040000000045e+00
1.528428872000000000e+09,3.000720526032240265e+00,-4.769868850710000108e-01,1.528448700000000000e+09,7.631770000000000437e+03,7.636260000000000218e+03,7.636260000000000218e+03,7.634069999999999709e+03,1.467872040000000045e+00
1.528429337000000000e+09,3.000523988783197815e+00,2.548466026780000226e-01,1.528449180000000000e+09,7.635479999999999563e+03,7.635479999999999563e+03,7.635479999999999563e+03,7.635479999999999563e+03,4.864000000000000545e-01
1.528429337000000000e+09,3.000879757590144248e+00,2.548466026780000226e-01,1.528449180000000000e+09,7.635479999999999563e+03,7.635479999999999563e+03,7.635479999999999563e+03,7.635479999999999563e+03,4.864000000000000545e-01
1.528429337000000000e+09,3.000338233388420317e+00,2.548466026780000226e-01,1.528449180000000000e+09,7.635479999999999563e+03,7.635479999999999563e+03,7.635479999999999563e+03,7.635479999999999563e+03,4.864000000000000545e-01
1.528429913000000000e+09,3.000879757590144248e+00,-1.853007078169999905e-02,1.528449720000000000e+09,7.636159999999999854e+03,7.636159999999999854e+03,7.636159999999999854e+03,7.636159999999999854e+03,2.290000000000000022e-02
1.528429913000000000e+09,3.000338233388420317e+00,-1.853007078169999905e-02,1.528449720000000000e+09,7.636159999999999854e+03,7.636159999999999854e+03,7.636159999999999854e+03,7.636159999999999854e+03,2.290000000000000022e-02
1.528429913000000000e+09,3.000523988783197815e+00,-1.853007078169999905e-02,1.528449720000000000e+09,7.636159999999999854e+03,7.636159999999999854e+03,7.636159999999999854e+03,7.636159999999999854e+03,2.290000000000000022e-02
1.528429934000000000e+09,3.000338233388420317e+00,-1.398222148419999977e-01,1.528449780000000000e+09,7.632670000000000073e+03,7.636159999999999854e+03,7.636149999999999636e+03,7.632670000000000073e+03,3.309000000000000274e-01
1.528429934000000000e+09,3.000523988783197815e+00,-1.398222148419999977e-01,1.528449780000000000e+09,7.632670000000000073e+03,7.636159999999999854e+03,7.636149999999999636e+03,7.632670000000000073e+03,3.309000000000000274e-01
1.528429934000000000e+09,3.000879757590144248e+00,-1.398222148419999977e-01,1.528449780000000000e+09,7.632670000000000073e+03,7.636159999999999854e+03,7.636149999999999636e+03,7.632670000000000073e+03,3.309000000000000274e-01
1.528431651000000000e+09,1.009510794542602730e+00,-3.550309240819999879e-01,1.528451460000000000e+09,7.634420000000000073e+03,7.634420000000000073e+03,7.634420000000000073e+03,7.634420000000000073e+03,1.675993470000000096e+00
1.528434868000000000e+09,3.000652235041597393e+00,-2.991199493410000021e-01,1.528454700000000000e+09,7.575750000000000000e+03,7.577000000000000000e+03,7.575750000000000000e+03,7.577000000000000000e+03,1.337774049999999937e+00
1.528434868000000000e+09,3.001173978210108118e+00,-2.991199493410000021e-01,1.528454700000000000e+09,7.575750000000000000e+03,7.577000000000000000e+03,7.575750000000000000e+03,7.577000000000000000e+03,1.337774049999999937e+00
1.528434868000000000e+09,3.000720526032240265e+00,-2.991199493410000021e-01,1.528454700000000000e+09,7.575750000000000000e+03,7.577000000000000000e+03,7.575750000000000000e+03,7.577000000000000000e+03,1.337774049999999937e+00
1.528435953000000000e+09,3.000879757590144248e+00,3.784097433090000129e-01,1.528455780000000000e+09,7.556000000000000000e+03,7.565000000000000000e+03,7.565000000000000000e+03,7.556000000000000000e+03,9.181115539999996855e+00
1.528435953000000000e+09,3.000338233388420317e+00,3.784097433090000129e-01,1.528455780000000000e+09,7.556000000000000000e+03,7.565000000000000000e+03,7.565000000000000000e+03,7.556000000000000000e+03,9.181115539999996855e+00
1.528435953000000000e+09,3.000523988783197815e+00,3.784097433090000129e-01,1.528455780000000000e+09,7.556000000000000000e+03,7.565000000000000000e+03,7.565000000000000000e+03,7.556000000000000000e+03,8.998026009999996688e+00
1.528437416000000000e+09,3.000720526032240265e+00,-6.710410118100000251e-03,1.528457220000000000e+09,7.560010000000000218e+03,7.560500000000000000e+03,7.560010000000000218e+03,7.560489999999999782e+03,1.057701449999999710e+00
1.528437416000000000e+09,3.001173978210108118e+00,-6.710410118100000251e-03,1.528457220000000000e+09,7.560010000000000218e+03,7.560500000000000000e+03,7.560010000000000218e+03,7.560489999999999782e+03,1.057701449999999710e+00
1.528437416000000000e+09,3.000652235041597393e+00,-6.710410118100000251e-03,1.528457220000000000e+09,7.560010000000000218e+03,7.560500000000000000e+03,7.560010000000000218e+03,7.560489999999999782e+03,1.057701449999999710e+00
1.528441736000000000e+09,3.000720526032240265e+00,-3.359266221519999762e-01,1.528461540000000000e+09,7.541979999999999563e+03,7.547840000000000146e+03,7.541979999999999563e+03,7.547840000000000146e+03,2.921999999999999043e-01
1.528441736000000000e+09,3.001173978210108118e+00,-3.359266221519999762e-01,1.528461540000000000e+09,7.541979999999999563e+03,7.547840000000000146e+03,7.541979999999999563e+03,7.547840000000000146e+03,2.921999999999999043e-01
1.528441736000000000e+09,3.000652235041597393e+00,-3.359266221519999762e-01,1.528461540000000000e+09,7.541979999999999563e+03,7.547840000000000146e+03,7.541979999999999563e+03,7.547840000000000146e+03,2.921999999999999043e-01
1.528445240000000000e+09,3.000879757590144248e+00,-8.029394000770000428e-01,1.528465080000000000e+09,7.575010000000000218e+03,7.579000000000000000e+03,7.575010000000000218e+03,7.579000000000000000e+03,7.277563999999999700e-01
1.528445240000000000e+09,3.000523988783197815e+00,-8.029394000770000428e-01,1.528465080000000000e+09,7.575010000000000218e+03,7.579000000000000000e+03,7.575010000000000218e+03,7.579000000000000000e+03,7.277563999999999700e-01
1.528445240000000000e+09,3.000338233388420317e+00,-8.029394000770000428e-01,1.528465080000000000e+09,7.575010000000000218e+03,7.579000000000000000e+03,7.575010000000000218e+03,7.579000000000000000e+03,7.277563999999999700e-01
1.528447481000000000e+09,1.007094989924814499e+00,-5.103125274180000392e-01,1.528467300000000000e+09,7.569720000000000255e+03,7.569729999999999563e+03,7.569720000000000255e+03,7.569720000000000255e+03,6.276854900000000681e-01
1.528449625000000000e+09,1.009510794542602730e+00,-1.266923844810000088e-01,1.528469460000000000e+09,7.588600000000000364e+03,7.588609999999999673e+03,7.588600000000000364e+03,7.588609999999999673e+03,1.018796587000000109e+01
1.528450498000000000e+09,3.001173978210108118e+00,-1.418035030360000059e-01,1.528470300000000000e+09,7.585010000000000218e+03,7.586100000000000364e+03,7.586090000000000146e+03,7.585010000000000218e+03,9.111442740000001095e+00
1.528450498000000000e+09,3.000652235041597393e+00,-1.418035030360000059e-01,1.528470300000000000e+09,7.585010000000000218e+03,7.586100000000000364e+03,7.586090000000000146e+03,7.585010000000000218e+03,9.111442740000001095e+00
1.528450498000000000e+09,3.000720526032240265e+00,-1.418035030360000059e-01,1.528470300000000000e+09,7.585010000000000218e+03,7.586100000000000364e+03,7.586090000000000146e+03,7.585010000000000218e+03,9.111442740000001095e+00
1.528451227000000000e+09,3.000523988783197815e+00,3.452640771869999736e-02,1.528471080000000000e+09,7.576729999999999563e+03,7.581300000000000182e+03,7.581300000000000182e+03,7.576729999999999563e+03,3.766910000000000203e+00
1.528451227000000000e+09,3.000879757590144248e+00,3.452640771869999736e-02,1.528471080000000000e+09,7.576729999999999563e+03,7.581300000000000182e+03,7.581300000000000182e+03,7.576729999999999563e+03,3.764910000000000423e+00
1.528451227000000000e+09,3.000338233388420317e+00,3.452640771869999736e-02,1.528471080000000000e+09,7.576729999999999563e+03,7.581300000000000182e+03,7.581300000000000182e+03,7.576729999999999563e+03,3.764910000000000423e+00
1.528454118000000000e+09,3.000652235041597393e+00,8.540609925990000351e-01,1.528473960000000000e+09,7.640319999999999709e+03,7.644819999999999709e+03,7.644810000000000400e+03,7.640329999999999927e+03,1.756565660000000140e+00
1.528454118000000000e+09,3.000720526032240265e+00,8.540609925990000351e-01,1.528473960000000000e+09,7.640319999999999709e+03,7.644819999999999709e+03,7.644810000000000400e+03,7.640329999999999927e+03,1.756565660000000140e+00
1.528454118000000000e+09,3.001173978210108118e+00,8.540609925990000351e-01,1.528473960000000000e+09,7.640319999999999709e+03,7.644819999999999709e+03,7.644810000000000400e+03,7.640329999999999927e+03,1.756565660000000140e+00
1.528454754000000000e+09,1.112611119791451664e+00,-4.373148083689999965e-01,1.528474560000000000e+09,7.638609999999999673e+03,7.639979999999999563e+03,7.639979999999999563e+03,7.638619999999999891e+03,4.515498799999999591e-01
1.528457558000000000e+09,3.000652235041597393e+00,-6.016650795939999796e-02,1.528477380000000000e+09,7.651619999999999891e+03,7.655500000000000000e+03,7.651619999999999891e+03,7.654920000000000073e+03,1.179676893000000071e+01
1.528457558000000000e+09,3.001173978210108118e+00,-6.016650795939999796e-02,1.528477380000000000e+09,7.651619999999999891e+03,7.655500000000000000e+03,7.651619999999999891e+03,7.654920000000000073e+03,1.179676893000000071e+01
1.528457558000000000e+09,3.000720526032240265e+00,-6.016650795939999796e-02,1.528477380000000000e+09,7.651619999999999891e+03,7.655500000000000000e+03,7.651619999999999891e+03,7.654920000000000073e+03,1.179676893000000071e+01
1.528459037000000000e+09,3.000523988783197815e+00,2.524396777149999771e-01,1.528478880000000000e+09,7.651000000000000000e+03,7.651609999999999673e+03,7.651609999999999673e+03,7.651010000000000218e+03,2.432285269999999500e+00
1.528459037000000000e+09,3.000338233388420317e+00,2.524396777149999771e-01,1.528478880000000000e+09,7.651000000000000000e+03,7.651609999999999673e+03,7.651609999999999673e+03,7.651010000000000218e+03,2.432285269999999500e+00
1.528459037000000000e+09,3.000879757590144248e+00,2.524396777149999771e-01,1.528478880000000000e+09,7.651000000000000000e+03,7.651609999999999673e+03,7.651609999999999673e+03,7.651010000000000218e+03,2.432285269999999500e+00
1.528459458000000000e+09,1.007094989924814499e+00,-4.485981762410000129e-01,1.528479300000000000e+09,7.650390000000000327e+03,7.650399999999999636e+03,7.650390000000000327e+03,7.650399999999999636e+03,3.456300000000000150e+00
1.528462052000000000e+09,3.000523988783197815e+00,6.530748307699999478e-01,1.528481880000000000e+09,7.645989999999999782e+03,7.646000000000000000e+03,7.646000000000000000e+03,7.645989999999999782e+03,3.176174099999999889e+00
1.528462052000000000e+09,3.000879757590144248e+00,6.530748307699999478e-01,1.528481880000000000e+09,7.645989999999999782e+03,7.646000000000000000e+03,7.646000000000000000e+03,7.645989999999999782e+03,3.176174099999999889e+00
1.528462052000000000e+09,3.000338233388420317e+00,6.530748307699999478e-01,1.528481880000000000e+09,7.645989999999999782e+03,7.646000000000000000e+03,7.646000000000000000e+03,7.645989999999999782e+03,3.176174099999999889e+00
1.528462932000000000e+09,3.000523988783197815e+00,3.179926574229999803e-01,1.528482780000000000e+09,7.644489999999999782e+03,7.644500000000000000e+03,7.644500000000000000e+03,7.644500000000000000e+03,4.262907599999999908e-01
1.528462932000000000e+09,3.000338233388420317e+00,3.179926574229999803e-01,1.528482780000000000e+09,7.644500000000000000e+03,7.644500000000000000e+03,7.644500000000000000e+03,7.644500000000000000e+03,2.416999999999999982e-01
1.528462932000000000e+09,3.000879757590144248e+00,3.179926574229999803e-01,1.528482780000000000e+09,7.644489999999999782e+03,7.644500000000000000e+03,7.644500000000000000e+03,7.644500000000000000e+03,4.262907599999999908e-01
1.528463425000000000e+09,3.001173978210108118e+00,-6.978183984760000236e-01,1.528483260000000000e+09,7.644500000000000000e+03,7.644500000000000000e+03,7.644500000000000000e+03,7.644500000000000000e+03,4.065000000000000280e-01
1.528463425000000000e+09,3.000720526032240265e+00,-6.978183984760000236e-01,1.528483260000000000e+09,7.644500000000000000e+03,7.644500000000000000e+03,7.644500000000000000e+03,7.644500000000000000e+03,4.065000000000000280e-01
1.528463425000000000e+09,3.000652235041597393e+00,-6.978183984760000236e-01,1.528483260000000000e+09,7.644500000000000000e+03,7.644500000000000000e+03,7.644500000000000000e+03,7.644500000000000000e+03,4.065000000000000280e-01
1.528464690000000000e+09,3.000652235041597393e+00,1.224488466980000051e-01,1.528484520000000000e+09,7.644489999999999782e+03,7.644500000000000000e+03,7.644500000000000000e+03,7.644500000000000000e+03,1.382039700000000204e+00
1.528464690000000000e+09,3.000720526032240265e+00,1.224488466980000051e-01,1.528484520000000000e+09,7.644489999999999782e+03,7.644500000000000000e+03,7.644500000000000000e+03,7.644500000000000000e+03,1.382039700000000204e+00
1.528464690000000000e+09,3.001173978210108118e+00,1.224488466980000051e-01,1.528484520000000000e+09,7.644489999999999782e+03,7.644500000000000000e+03,7.644500000000000000e+03,7.644500000000000000e+03,1.382039700000000204e+00
1.528465846000000000e+09,3.000879757590144248e+00,-3.102689515799999988e-03,1.528485660000000000e+09,7.633789999999999964e+03,7.643890000000000327e+03,7.633800000000000182e+03,7.639350000000000364e+03,5.480167109999999120e+00
1.528465846000000000e+09,3.000523988783197815e+00,-3.102689515799999988e-03,1.528485660000000000e+09,7.633789999999999964e+03,7.643890000000000327e+03,7.633800000000000182e+03,7.637520000000000437e+03,5.437867109999999116e+00
1.528465846000000000e+09,3.000338233388420317e+00,-3.102689515799999988e-03,1.528485660000000000e+09,7.633789999999999964e+03,7.643890000000000327e+03,7.633800000000000182e+03,7.639350000000000364e+03,5.480167109999999120e+00
1.528466056000000000e+09,3.000652235041597393e+00,-3.209009170530000010e-01,1.528485900000000000e+09,7.641189999999999600e+03,7.641500000000000000e+03,7.641189999999999600e+03,7.641500000000000000e+03,1.763900000000000023e+00
1.528466056000000000e+09,3.000720526032240265e+00,-3.209009170530000010e-01,1.528485900000000000e+09,7.641189999999999600e+03,7.641500000000000000e+03,7.641189999999999600e+03,7.641500000000000000e+03,1.763900000000000023e+00
1.528466056000000000e+09,3.001173978210108118e+00,-3.209009170530000010e-01,1.528485900000000000e+09,7.641189999999999600e+03,7.641500000000000000e+03,7.641189999999999600e+03,7.641500000000000000e+03,1.763900000000000023e+00
1.528470608000000000e+09,1.001826250574906263e+00,-3.749693632130000065e-01,1.528490460000000000e+09,7.649340000000000146e+03,7.649350000000000364e+03,7.649350000000000364e+03,7.649350000000000364e+03,3.447997970000000301e+00
1.528472127000000000e+09,3.001173978210108118e+00,-3.391319513319999979e-02,1.528491960000000000e+09,7.646810000000000400e+03,7.646819999999999709e+03,7.646819999999999709e+03,7.646810000000000400e+03,5.564999999999999947e-01
1.528472127000000000e+09,3.000652235041597393e+00,-3.391319513319999979e-02,1.528491960000000000e+09,7.646810000000000400e+03,7.646819999999999709e+03,7.646819999999999709e+03,7.646810000000000400e+03,5.564999999999999947e-01
1.528472127000000000e+09,3.000720526032240265e+00,-3.391319513319999979e-02,1.528491960000000000e+09,7.646810000000000400e+03,7.646819999999999709e+03,7.646819999999999709e+03,7.646810000000000400e+03,5.564999999999999947e-01
1.528473612000000000e+09,3.000523988783197815e+00,2.380232810969999946e-01,1.528493460000000000e+09,7.639310000000000400e+03,7.639989999999999782e+03,7.639310000000000400e+03,7.639989999999999782e+03,1.270499999999999963e+00
1.528473612000000000e+09,3.000879757590144248e+00,2.380232810969999946e-01,1.528493460000000000e+09,7.639310000000000400e+03,7.639989999999999782e+03,7.639310000000000400e+03,7.639989999999999782e+03,1.270499999999999963e+00
1.528473612000000000e+09,3.000338233388420317e+00,2.380232810969999946e-01,1.528493460000000000e+09,7.639310000000000400e+03,7.639989999999999782e+03,7.639310000000000400e+03,7.639989999999999782e+03,1.270499999999999963e+00
1.528474013000000000e+09,1.007094989924814499e+00,2.762628793720000031e-01,1.528493820000000000e+09,7.639979999999999563e+03,7.639989999999999782e+03,7.639989999999999782e+03,7.639989999999999782e+03,1.569786050000000044e+00
1.528476427000000000e+09,3.000338233388420317e+00,-4.530288875099999779e-01,1.528496280000000000e+09,7.644680000000000291e+03,7.644689999999999600e+03,7.644689999999999600e+03,7.644689999999999600e+03,5.439999999999999281e-01
1.528476427000000000e+09,3.000523988783197815e+00,-4.530288875099999779e-01,1.528496280000000000e+09,7.644680000000000291e+03,7.644689999999999600e+03,7.644689999999999600e+03,7.644689999999999600e+03,5.439999999999999281e-01
1.528476427000000000e+09,3.000879757590144248e+00,-4.530288875099999779e-01,1.528496280000000000e+09,7.644680000000000291e+03,7.644689999999999600e+03,7.644689999999999600e+03,7.644689999999999600e+03,5.439999999999999281e-01
1.528482546000000000e+09,1.007094989924814499e+00,1.011200249199999904e-03,1.528502400000000000e+09,7.616000000000000000e+03,7.619859999999999673e+03,7.616000000000000000e+03,7.619859999999999673e+03,6.946578600000000714e-01
1.528502927000000000e+09,1.006298646518906326e+00,1.011200249199999904e-03,1.528522740000000000e+09,7.657000000000000000e+03,7.661510000000000218e+03,7.658899999999999636e+03,7.657000000000000000e+03,1.243899999999999784e+00
1.528504203000000000e+09,1.006298646518906326e+00,-6.937870383260000273e-02,1.528524060000000000e+09,7.660020000000000437e+03,7.660899999999999636e+03,7.660899999999999636e+03,7.660029999999999745e+03,6.421154599999999713e-01
1.528506142000000000e+09,3.000523988783197815e+00,-3.937491774560000213e-01,1.528525980000000000e+09,7.668420000000000073e+03,7.668420000000000073e+03,7.668420000000000073e+03,7.668420000000000073e+03,1.323999999999999899e-01
1.528506142000000000e+09,3.000879757590144248e+00,-3.937491774560000213e-01,1.528525980000000000e+09,7.668420000000000073e+03,7.668420000000000073e+03,7.668420000000000073e+03,7.668420000000000073e+03,1.323999999999999899e-01
1.528506142000000000e+09,3.000338233388420317e+00,-3.937491774560000213e-01,1.528525980000000000e+09,7.668420000000000073e+03,7.668420000000000073e+03,7.668420000000000073e+03,7.668420000000000073e+03,1.323999999999999899e-01
1.528507801000000000e+09,1.006298646518906326e+00,3.850783407689999938e-01,1.528527660000000000e+09,7.662500000000000000e+03,7.662510000000000218e+03,7.662510000000000218e+03,7.662500000000000000e+03,3.804000000000000159e-01
1.528508700000000000e+09,1.000640308550523105e+00,-3.257654309269999993e-01,1.528528500000000000e+09,7.661479999999999563e+03,7.663520000000000437e+03,7.661479999999999563e+03,7.663520000000000437e+03,1.514311700000000038e-01
1.528509601000000000e+09,1.006298646518906326e+00,3.331660926339999884e-01,1.528529460000000000e+09,7.660010000000000218e+03,7.660010000000000218e+03,7.660010000000000218e+03,7.660010000000000218e+03,1.015999999999999959e-01
1.528510500000000000e+09,1.000640308550523105e+00,-1.292889118190000131e-01,1.528530300000000000e+09,7.653569999999999709e+03,7.654989999999999782e+03,7.654989999999999782e+03,7.653579999999999927e+03,2.563000000000000278e-01
1.528512300000000000e+09,1.000640308550523105e+00,1.993030309680000056e-01,1.528532100000000000e+09,7.647010000000000218e+03,7.647010000000000218e+03,7.647010000000000218e+03,7.647010000000000218e+03,1.753575300000000114e-01
1.528514101000000000e+09,1.000640308550523105e+00,-2.754753828050000020e-01,1.528533960000000000e+09,7.631840000000000146e+03,7.643640000000000327e+03,7.643640000000000327e+03,7.632260000000000218e+03,1.228325925999999590e+01
1.528515001000000000e+09,1.006298646518906326e+00,-7.154490947720000271e-01,1.528534860000000000e+09,7.625000000000000000e+03,7.625010000000000218e+03,7.625000000000000000e+03,7.625010000000000218e+03,1.283560530000000144e+00
1.528516332000000000e+09,3.000879757590144248e+00,-4.416007548570000107e-02,1.528536180000000000e+09,7.633270000000000437e+03,7.636149999999999636e+03,7.636149999999999636e+03,7.633579999999999927e+03,1.210999999999999993e-01
1.528516332000000000e+09,3.000523988783197815e+00,-4.416007548570000107e-02,1.528536180000000000e+09,7.633270000000000437e+03,7.636149999999999636e+03,7.636149999999999636e+03,7.633579999999999927e+03,1.210999999999999993e-01
1.528516332000000000e+09,3.000338233388420317e+00,-4.416007548570000107e-02,1.528536180000000000e+09,7.633270000000000437e+03,7.636149999999999636e+03,7.636149999999999636e+03,7.633579999999999927e+03,1.210999999999999993e-01
1.528517700000000000e+09,1.000640308550523105e+00,-4.894469082360000112e-01,1.528537500000000000e+09,7.639250000000000000e+03,7.640000000000000000e+03,7.639250000000000000e+03,7.640000000000000000e+03,2.129000000000000337e-01
1.528518601000000000e+09,1.006298646518906326e+00,1.707704924049999878e-02,1.528538460000000000e+09,7.638640000000000327e+03,7.638649999999999636e+03,7.638640000000000327e+03,7.638640000000000327e+03,6.980000000000000093e-02
1.528519502000000000e+09,1.000640308550523105e+00,-2.851827442650000100e-01,1.528539360000000000e+09,7.639989999999999782e+03,7.640000000000000000e+03,7.640000000000000000e+03,7.640000000000000000e+03,1.180399999999999894e+00
1.528519694000000000e+09,3.000652235041597393e+00,-8.927743434910000442e-01,1.528539540000000000e+09,7.639989999999999782e+03,7.640000000000000000e+03,7.640000000000000000e+03,7.639989999999999782e+03,1.580336699999999872e-01
1.528519694000000000e+09,3.001173978210108118e+00,-8.927743434910000442e-01,1.528539540000000000e+09,7.639989999999999782e+03,7.640000000000000000e+03,7.640000000000000000e+03,7.639989999999999782e+03,1.580336699999999872e-01
1.528519694000000000e+09,3.000720526032240265e+00,-8.927743434910000442e-01,1.528539540000000000e+09,7.639989999999999782e+03,7.640000000000000000e+03,7.640000000000000000e+03,7.639989999999999782e+03,1.580336699999999872e-01
1.528521300000000000e+09,1.000640308550523105e+00,-2.508948743339999843e-01,1.528541100000000000e+09,7.650569999999999709e+03,7.653789999999999964e+03,7.650569999999999709e+03,7.653779999999999745e+03,4.979200000000002291e+00
1.528522202000000000e+09,1.006298646518906326e+00,-9.274810552600000479e-02,1.528542060000000000e+09,7.650000000000000000e+03,7.650010000000000218e+03,7.650000000000000000e+03,7.650000000000000000e+03,5.308495500000000034e-01
1.528523110000000000e+09,1.000640308550523105e+00,-3.951169550420000065e-01,1.528542960000000000e+09,7.639989999999999782e+03,7.640000000000000000e+03,7.640000000000000000e+03,7.640000000000000000e+03,2.933999999999999941e-01
1.528523715000000000e+09,3.000652235041597393e+00,-5.698423385619999504e-01,1.528543560000000000e+09,7.639329999999999927e+03,7.639340000000000146e+03,7.639340000000000146e+03,7.639340000000000146e+03,6.718905600000000256e-01
1.528523715000000000e+09,3.001173978210108118e+00,-5.698423385619999504e-01,1.528543560000000000e+09,7.639329999999999927e+03,7.639340000000000146e+03,7.639340000000000146e+03,7.639340000000000146e+03,6.718905600000000256e-01
1.528523715000000000e+09,3.000720526032240265e+00,-5.698423385619999504e-01,1.528543560000000000e+09,7.639329999999999927e+03,7.639340000000000146e+03,7.639340000000000146e+03,7.639340000000000146e+03,6.718905600000000256e-01
1.528524005000000000e+09,1.006298646518906326e+00,1.011200249199999904e-03,1.528543860000000000e+09,7.642640000000000327e+03,7.642649999999999636e+03,7.642640000000000327e+03,7.642649999999999636e+03,2.187999999999999667e-01
1.528524130000000000e+09,3.000523988783197815e+00,-1.372690796849999895e-01,1.528543980000000000e+09,7.638850000000000364e+03,7.642390000000000327e+03,7.638850000000000364e+03,7.642390000000000327e+03,1.986999999999999877e-01
1.528524130000000000e+09,3.000338233388420317e+00,-1.372690796849999895e-01,1.528543980000000000e+09,7.638850000000000364e+03,7.642390000000000327e+03,7.638850000000000364e+03,7.642390000000000327e+03,1.986999999999999877e-01
1.528524130000000000e+09,3.000879757590144248e+00,-1.372690796849999895e-01,1.528543980000000000e+09,7.638850000000000364e+03,7.642390000000000327e+03,7.638850000000000364e+03,7.642390000000000327e+03,1.986999999999999877e-01
1.528524279000000000e+09,3.000652235041597393e+00,-4.142811894419999863e-01,1.528544100000000000e+09,7.642029999999999745e+03,7.644010000000000218e+03,7.642029999999999745e+03,7.644010000000000218e+03,1.830000000000000029e-02
1.528524279000000000e+09,3.001173978210108118e+00,-4.142811894419999863e-01,1.528544100000000000e+09,7.642029999999999745e+03,7.645020000000000437e+03,7.642029999999999745e+03,7.645020000000000437e+03,2.968000000000000083e-01
1.528524279000000000e+09,3.000720526032240265e+00,-4.142811894419999863e-01,1.528544100000000000e+09,7.642029999999999745e+03,7.644010000000000218e+03,7.642029999999999745e+03,7.644010000000000218e+03,1.830000000000000029e-02
1.528524904000000000e+09,1.000640308550523105e+00,9.194386005400000117e-02,1.528544760000000000e+09,7.642989999999999782e+03,7.643000000000000000e+03,7.642989999999999782e+03,7.643000000000000000e+03,1.309164700000000070e-01
1.528525801000000000e+09,1.006298646518906326e+00,-2.952568531040000166e-01,1.528545660000000000e+09,7.630020000000000437e+03,7.632510000000000218e+03,7.630020000000000437e+03,7.632510000000000218e+03,2.622066899999999645e-01
1.528525813000000000e+09,1.000640308550523105e+00,2.695313096050000121e-02,1.528545660000000000e+09,7.630020000000000437e+03,7.632510000000000218e+03,7.630020000000000437e+03,7.632510000000000218e+03,2.622066899999999645e-01
1.528526403000000000e+09,1.000640308550523105e+00,-7.864748761059999760e-01,1.528546260000000000e+09,7.635260000000000218e+03,7.635260000000000218e+03,7.635260000000000218e+03,7.635260000000000218e+03,3.364000000000000323e-01
1.528526428000000000e+09,1.009510794542602730e+00,3.333270251750000135e-01,1.528546260000000000e+09,7.635260000000000218e+03,7.635260000000000218e+03,7.635260000000000218e+03,7.635260000000000218e+03,3.364000000000000323e-01
1.528527600000000000e+09,1.006298646518906326e+00,-5.552789270879999739e-01,1.528547400000000000e+09,7.632510000000000218e+03,7.642949999999999818e+03,7.632510000000000218e+03,7.642470000000000255e+03,2.206201119999999793e+00
1.528528131000000000e+09,1.006298646518906326e+00,1.011200249199999904e-03,1.528547940000000000e+09,7.636289999999999964e+03,7.639130000000000109e+03,7.636289999999999964e+03,7.639130000000000109e+03,1.520700000000000163e+00
1.528528502000000000e+09,1.000640308550523105e+00,-2.271476387979999914e-02,1.528548360000000000e+09,7.640289999999999964e+03,7.640300000000000182e+03,7.640289999999999964e+03,7.640300000000000182e+03,2.849999999999999756e-01
1.528529401000000000e+09,1.006298646518906326e+00,3.851900398729999897e-01,1.528549260000000000e+09,7.604989999999999782e+03,7.605000000000000000e+03,7.605000000000000000e+03,7.604989999999999782e+03,1.741232100000000282e-01
1.528529401000000000e+09,1.006298646518906326e+00,4.083342552190000196e-01,1.528549260000000000e+09,7.604989999999999782e+03,7.605000000000000000e+03,7.605000000000000000e+03,7.604989999999999782e+03,1.741232100000000282e-01
1.528529421000000000e+09,1.000640308550523105e+00,-2.759130895140000095e-01,1.528549260000000000e+09,7.604989999999999782e+03,7.605000000000000000e+03,7.605000000000000000e+03,7.604989999999999782e+03,1.741232100000000282e-01
1.528530003000000000e+09,1.000640308550523105e+00,-2.035437226300000069e-01,1.528549860000000000e+09,7.576060000000000400e+03,7.576069999999999709e+03,7.576069999999999709e+03,7.576060000000000400e+03,2.404000000000000026e-01
1.528530300000000000e+09,1.000640308550523105e+00,-3.602494299410000100e-01,1.528550100000000000e+09,7.576060000000000400e+03,7.576069999999999709e+03,7.576069999999999709e+03,7.576060000000000400e+03,2.048440839999999596e+00
1.528530604000000000e+09,1.007094989924814499e+00,-8.360652849080000282e-01,1.528550460000000000e+09,7.588550000000000182e+03,7.594050000000000182e+03,7.591600000000000364e+03,7.594050000000000182e+03,6.663882199999999756e-01
1.528530604000000000e+09,1.000640308550523105e+00,-2.291752994060000104e-01,1.528550460000000000e+09,7.588550000000000182e+03,7.594050000000000182e+03,7.591600000000000364e+03,7.594050000000000182e+03,6.663882199999999756e-01
1.528530661000000000e+09,1.006298646518906326e+00,-1.240949146450000002e-03,1.528550520000000000e+09,7.594039999999999964e+03,7.594050000000000182e+03,7.594039999999999964e+03,7.594050000000000182e+03,5.861999999999999433e-01
1.528531208000000000e+09,1.000640308550523105e+00,-7.737427949910000158e-02,1.528551060000000000e+09,7.599989999999999782e+03,7.600000000000000000e+03,7.599989999999999782e+03,7.600000000000000000e+03,5.436942269999999411e+00
1.528531641000000000e+09,3.000338233388420317e+00,-7.654419541359999690e-02,1.528551480000000000e+09,7.596220000000000255e+03,7.596229999999999563e+03,7.596220000000000255e+03,7.596229999999999563e+03,1.739599999999999813e+00
1.528531641000000000e+09,3.000879757590144248e+00,-7.654419541359999690e-02,1.528551480000000000e+09,7.596220000000000255e+03,7.596229999999999563e+03,7.596220000000000255e+03,7.596229999999999563e+03,1.739599999999999813e+00
1.528531641000000000e+09,3.000523988783197815e+00,-7.654419541359999690e-02,1.528551480000000000e+09,7.596220000000000255e+03,7.596229999999999563e+03,7.596220000000000255e+03,7.596229999999999563e+03,1.739599999999999813e+00
1.528531862000000000e+09,1.006298646518906326e+00,2.985617220399999772e-01,1.528551720000000000e+09,7.598989999999999782e+03,7.599000000000000000e+03,7.598989999999999782e+03,7.598989999999999782e+03,3.673600000000000421e+00
1.528532102000000000e+09,1.000640308550523105e+00,4.936191439629999955e-02,1.528551960000000000e+09,7.601529999999999745e+03,7.601539999999999964e+03,7.601539999999999964e+03,7.601529999999999745e+03,2.726858850000000167e+00
1.528533001000000000e+09,1.006298646518906326e+00,4.894251748919999784e-02,1.528552860000000000e+09,7.593560000000000400e+03,7.593569999999999709e+03,7.593569999999999709e+03,7.593560000000000400e+03,2.637889399999999718e-01
1.528533900000000000e+09,1.000640308550523105e+00,-1.878120303149999892e-01,1.528553700000000000e+09,7.595579999999999927e+03,7.595590000000000146e+03,7.595590000000000146e+03,7.595579999999999927e+03,1.376000000000000001e-01
1.528533901000000000e+09,1.006298646518906326e+00,2.280834317210000128e-01,1.528553760000000000e+09,7.595579999999999927e+03,7.596300000000000182e+03,7.595579999999999927e+03,7.596300000000000182e+03,5.827738600000000879e-01
1.528534805000000000e+09,1.006298646518906326e+00,1.011200249199999904e-03,1.528554660000000000e+09,7.599010000000000218e+03,7.600000000000000000e+03,7.599010000000000218e+03,7.600000000000000000e+03,4.346000000000000418e-01
1.528535703000000000e+09,1.006298646518906326e+00,-1.054376363750000010e-02,1.528555560000000000e+09,7.599989999999999782e+03,7.600000000000000000e+03,7.600000000000000000e+03,7.600000000000000000e+03,1.634438500000000016e-01
1.528535704000000000e+09,1.000640308550523105e+00,-2.003743052480000120e-01,1.528555560000000000e+09,7.599989999999999782e+03,7.600000000000000000e+03,7.600000000000000000e+03,7.600000000000000000e+03,1.634438500000000016e-01
1.528536147000000000e+09,3.000879757590144248e+00,-2.636811435220000055e-01,1.528555980000000000e+09,7.599000000000000000e+03,7.599010000000000218e+03,7.599000000000000000e+03,7.599010000000000218e+03,1.594999999999999751e-01
1.528536147000000000e+09,3.000338233388420317e+00,-2.636811435220000055e-01,1.528555980000000000e+09,7.599000000000000000e+03,7.599010000000000218e+03,7.599000000000000000e+03,7.599010000000000218e+03,1.594999999999999751e-01
1.528536147000000000e+09,3.000523988783197815e+00,-2.636811435220000055e-01,1.528555980000000000e+09,7.599000000000000000e+03,7.599010000000000218e+03,7.599000000000000000e+03,7.599010000000000218e+03,1.594999999999999751e-01
1.528536614000000000e+09,1.006298646518906326e+00,1.011200249199999904e-03,1.528556460000000000e+09,7.595010000000000218e+03,7.595010000000000218e+03,7.595010000000000218e+03,7.595010000000000218e+03,2.718000000000000416e-01
